data,ano,mes,receita_vendas,receita_servicos,despesa_salarios,despesa_aluguel,despesa_marketing,despesa_operacional,investimento_equipamentos,resultado_liquido
1994-01-31,1994,1,31669.71,9500.91,14318.18,3579.55,2386.36,3579.55,0.0,17306.99
1994-02-28,1994,2,47931.19,14379.36,21713.47,5428.37,3618.91,10191.42,0.0,21358.37
1994-03-31,1994,3,58601.33,17580.4,24740.22,6185.06,4123.37,10365.26,0.0,30767.82
1994-04-30,1994,4,64705.28,19411.58,29221.89,7305.47,4870.32,7305.47,0.0,35413.71
1994-05-31,1994,5,57560.09,17268.03,27016.57,6754.14,4502.76,8845.75,0.0,27708.89
1994-06-30,1994,6,48721.08,14616.32,23098.1,5774.53,3849.68,5774.53,25592.02,-751.45
1994-07-31,1994,7,54401.62,16320.48,24435.05,6108.76,4072.51,6786.37,38563.94,-9244.54
1994-08-31,1994,8,47462.47,14238.74,21943.78,5485.94,3657.3,5485.94,0.0,25128.26
1994-09-30,1994,9,55812.77,16743.83,23644.61,5911.15,3940.77,5911.15,24673.64,8475.28
1994-10-31,1994,10,60257.74,18077.32,28865.26,7216.32,4810.88,7216.32,0.0,30226.29
1994-11-30,1994,11,72010.96,21603.29,32747.39,8186.85,5457.9,8186.85,35672.51,3362.77
1994-12-31,1994,12,53821.92,16146.58,24346.73,6086.68,4057.79,6086.68,0.0,29390.61
1995-01-31,1995,1,53068.58,15920.57,24368.5,6092.12,4061.42,6092.12,18764.66,9610.33
1995-02-28,1995,2,40509.83,12152.95,17973.47,4493.37,2995.58,4493.37,0.0,22707.0
1995-03-31,1995,3,63097.07,18929.12,28265.66,7066.41,4710.94,7066.41,0.0,34916.76
1995-04-30,1995,4,58758.79,17627.64,26553.85,6638.46,4425.64,6638.46,0.0,32130.01
1995-05-31,1995,5,62707.42,18812.23,30055.22,7513.81,5009.2,7513.81,0.0,31427.61
1995-06-30,1995,6,68898.49,20669.55,29162.63,7290.66,4860.44,7290.66,0.0,40963.65
1995-07-31,1995,7,45782.25,13734.67,20226.27,5056.57,3371.05,5056.57,0.0,25806.47
1995-08-31,1995,8,64837.62,19451.28,29243.02,7310.76,4873.84,7997.74,0.0,34863.54
1995-09-30,1995,9,53157.38,15947.21,24969.55,6242.39,4161.59,6242.39,0.0,27488.68
1995-10-31,1995,10,68538.4,20561.52,31658.59,7914.65,5276.43,7914.65,0.0,36335.61
1995-11-30,1995,11,57049.45,17114.84,25070.59,6267.65,4178.43,6267.65,0.0,32379.96
1995-12-31,1995,12,78860.31,23658.09,37582.28,9395.57,6263.71,9395.57,0.0,39881.26
1996-01-31,1996,1,46956.04,14086.81,20618.37,5154.59,3436.39,5154.59,0.0,26678.9
1996-02-29,1996,2,50854.18,15256.26,21837.37,5459.34,3639.56,5459.34,14909.44,14805.39
1996-03-31,1996,3,70583.68,21175.1,31577.52,7894.38,5262.92,7894.38,0.0,39129.59
1996-04-30,1996,4,54870.98,16461.29,25565.17,6391.29,4260.86,6391.29,0.0,28723.66
1996-05-31,1996,5,67274.38,20182.31,28948.14,7237.04,4824.69,9088.42,0.0,37358.39
1996-06-30,1996,6,48588.23,14576.47,21961.4,5490.35,3660.23,5490.35,0.0,26562.36
1996-07-31,1996,7,50957.68,15287.3,23559.49,5889.87,3926.58,5889.87,0.0,26979.15
1996-08-31,1996,8,57907.58,17372.27,25020.88,6255.22,4170.15,6255.22,0.0,33578.38
1996-09-30,1996,9,54029.69,16208.91,23525.71,5881.43,3920.95,10733.5,0.0,26177.0
1996-10-31,1996,10,63098.97,18929.69,29033.5,7258.38,4838.92,7272.82,0.0,33625.04
1996-11-30,1996,11,70622.98,21186.89,30068.97,7517.24,5011.5,7517.24,0.0,41694.92
1996-12-31,1996,12,81584.25,24475.27,38277.35,9569.34,6379.56,11207.5,0.0,40625.78
1997-01-31,1997,1,59785.62,17935.68,27164.87,6791.22,4527.48,6791.22,0.0,32446.52
1997-02-28,1997,2,45246.12,13573.83,20295.22,5073.81,3382.54,6968.34,0.0,23100.04
1997-03-31,1997,3,69234.85,20770.46,32567.25,8141.81,5427.87,8141.81,0.0,35726.56
1997-04-30,1997,4,60599.29,18179.79,25906.27,6476.57,4317.71,6476.57,0.0,35601.96
1997-05-31,1997,5,63771.93,19131.58,29845.11,7461.28,4974.19,7916.52,0.0,32706.41
1997-06-30,1997,6,62695.28,18808.58,26557.32,6639.33,4426.22,6639.33,0.0,37241.66
1997-07-31,1997,7,66164.08,19849.22,30088.8,7522.2,5014.8,10171.58,0.0,33215.92
1997-08-31,1997,8,68043.86,20413.16,29753.51,7438.38,4958.92,7438.38,0.0,38867.84
1997-09-30,1997,9,52702.71,15810.81,22775.57,5693.89,3795.93,10386.32,0.0,25861.81
1997-10-31,1997,10,73182.7,21954.81,32108.97,8027.24,5351.49,8027.24,0.0,41622.57
1997-11-30,1997,11,85376.36,25612.91,39577.47,9894.37,6596.24,9894.37,0.0,45026.82
1997-12-31,1997,12,73707.66,22112.3,33274.14,8318.53,5545.69,8318.53,0.0,40363.06
1998-01-31,1998,1,54149.36,16244.81,24948.96,6237.24,4158.16,6237.24,0.0,28812.57
1998-02-28,1998,2,63372.56,19011.77,27045.15,6761.29,4507.53,6761.29,0.0,37309.08
1998-03-31,1998,3,57967.99,17390.4,27028.81,6757.2,4504.8,6757.2,0.0,30310.37
1998-04-30,1998,4,78813.82,23644.15,34319.85,8579.96,5719.98,8579.96,0.0,45258.21
1998-05-31,1998,5,64180.0,19254.0,27334.89,6833.72,4555.81,6833.72,44789.04,-6913.18
1998-06-30,1998,6,61599.6,18479.88,28535.3,7133.82,4755.88,7133.82,0.0,32520.65
1998-07-31,1998,7,72252.87,21675.86,31448.62,7862.16,5241.44,10911.65,0.0,38464.87
1998-08-31,1998,8,77369.72,23210.92,34669.55,8667.39,5778.26,12525.27,0.0,38940.17
1998-09-30,1998,9,60274.25,18082.27,26073.5,6518.38,4345.58,6518.38,0.0,34900.68
1998-10-31,1998,10,69298.24,20789.47,33220.5,8305.13,5536.75,8305.13,48577.44,-13857.23
1998-11-30,1998,11,69200.77,20760.23,31106.58,7776.65,5184.43,7776.65,35387.48,2729.21
1998-12-31,1998,12,91758.66,27527.6,40247.3,10061.83,6707.88,13594.37,0.0,48674.87
1999-01-31,1999,1,69204.86,20761.46,32761.42,8190.36,5460.24,8190.36,0.0,35363.95
1999-02-28,1999,2,60176.13,18052.84,27132.61,6783.15,4522.1,6783.15,0.0,33007.96
1999-03-31,1999,3,74726.74,22418.02,34435.51,8608.88,5739.25,8608.88,26510.07,13242.17
1999-04-30,1999,4,69927.49,20978.25,29863.35,7465.84,4977.23,8727.2,0.0,39872.12
1999-05-31,1999,5,79237.79,23771.34,33580.99,8395.25,5596.83,8395.25,0.0,47040.81
1999-06-30,1999,6,63895.59,19168.68,27162.02,6790.51,4527.0,6790.51,0.0,37794.23
1999-07-31,1999,7,73884.24,22165.27,32892.33,8223.08,5482.05,8223.08,0.0,41228.97
1999-08-31,1999,8,63340.85,19002.25,28701.66,7175.41,4783.61,7175.41,0.0,34507.01
1999-09-30,1999,9,72564.08,21769.23,33001.49,8250.37,5500.25,8250.37,0.0,39330.83
1999-10-31,1999,10,75199.3,22559.79,35393.42,8848.36,5898.9,8848.36,0.0,38770.06
1999-11-30,1999,11,85062.13,25518.64,38877.23,9719.31,6479.54,9719.31,0.0,45785.38
1999-12-31,1999,12,75757.49,22727.25,31884.86,7971.22,5314.14,7971.22,0.0,45343.3
2000-01-31,2000,1,71500.86,21450.26,32026.39,8006.6,5337.73,8006.6,0.0,39573.81
2000-02-29,2000,2,59253.3,17775.99,28038.43,7009.61,4673.07,7009.61,0.0,30298.57
2000-03-31,2000,3,72146.12,21643.83,32304.91,8076.23,5384.15,8076.23,0.0,39948.43
2000-04-30,2000,4,81151.92,24345.58,38849.3,9712.33,6474.88,9712.33,0.0,40748.66
2000-05-31,2000,5,85688.84,25706.65,40312.55,10078.14,6718.76,10078.14,0.0,44207.91
2000-06-30,2000,6,64574.01,19372.2,29475.52,7368.88,4912.59,7368.88,0.0,34820.35
2000-07-31,2000,7,75358.95,22607.68,31951.8,7987.95,5325.3,7987.95,0.0,44713.63
2000-08-31,2000,8,87136.88,26141.06,36673.67,9168.42,6112.28,12233.02,0.0,49090.55
2000-09-30,2000,9,69715.77,20914.73,31998.96,7999.74,5333.16,12720.86,0.0,32577.78
2000-10-31,2000,10,68048.75,20414.63,30883.51,7720.88,5147.25,8040.07,0.0,36671.67
2000-11-30,2000,11,97952.12,29385.64,46709.16,11677.29,7784.86,13909.95,0.0,47256.5
2000-12-31,2000,12,92529.8,27758.94,41796.66,10449.16,6966.11,10449.16,0.0,50627.65
2001-01-31,2001,1,70204.97,21061.49,30394.02,7598.5,5065.67,9345.61,0.0,38862.66
2001-02-28,2001,2,70179.75,21053.92,31802.94,7950.74,5300.49,12625.09,23880.34,9674.07
2001-03-31,2001,3,90460.23,27138.07,43172.7,10793.18,7195.45,13905.61,0.0,42531.37
2001-04-30,2001,4,72135.02,21640.51,30605.23,7651.31,5100.87,7651.31,0.0,42766.81
2001-05-31,2001,5,76471.33,22941.4,32600.55,8150.14,5433.43,8150.14,0.0,45078.47
2001-06-30,2001,6,92314.53,27694.36,42015.0,10503.75,7002.5,10503.75,27644.58,22339.31
2001-07-31,2001,7,72496.03,21748.81,32675.55,8168.89,5445.92,11417.48,0.0,36537.01
2001-08-31,2001,8,87350.42,26205.13,38414.35,9603.59,6402.39,14108.22,0.0,45027.0
2001-09-30,2001,9,86960.6,26088.18,41537.05,10384.26,6922.84,15123.41,40878.6,-1797.37
2001-10-31,2001,10,82453.13,24735.94,37734.48,9433.62,6289.08,9433.62,0.0,44298.27
2001-11-30,2001,11,93554.74,28066.42,40172.48,10043.12,6695.41,14142.58,0.0,50567.57
2001-12-31,2001,12,83908.02,25172.4,38650.21,9662.55,6441.7,9662.55,0.0,44663.41
2002-01-31,2002,1,61757.04,18527.11,29250.51,7312.63,4875.08,7312.63,0.0,31533.31
2002-02-28,2002,2,68082.29,20424.69,30669.95,7667.49,5111.66,7667.49,0.0,37390.39
2002-03-31,2002,3,84477.17,25343.15,38881.53,9720.38,6480.25,9720.38,0.0,45017.78
2002-04-30,2002,4,81988.46,24596.54,37352.97,9338.24,6225.5,9338.24,0.0,44330.04
2002-05-31,2002,5,87167.19,26150.16,40376.11,10094.03,6729.35,10094.03,0.0,46023.83
2002-06-30,2002,6,91283.43,27385.03,38765.71,9691.43,6460.95,9691.43,0.0,54058.95
2002-07-31,2002,7,83724.07,25117.22,36718.4,9179.6,6119.73,11557.87,0.0,45265.69
2002-08-31,2002,8,81289.74,24386.92,35981.77,8995.44,5996.96,10172.25,0.0,44530.24
2002-09-30,2002,9,79172.87,23751.86,35773.87,8943.47,5962.31,13298.64,0.0,38946.45
2002-10-31,2002,10,74493.29,22347.99,33939.04,8484.76,5656.51,8484.76,0.0,40276.22
2002-11-30,2002,11,88945.47,26683.64,37392.45,9348.11,6232.07,9348.11,0.0,53308.37
2002-12-31,2002,12,98453.48,29536.04,41681.2,10420.3,6946.87,11180.76,0.0,57760.39
2003-01-31,2003,1,66192.0,19857.6,29710.52,7427.63,4951.75,9662.67,0.0,34297.03
2003-02-28,2003,2,62964.99,18889.5,28784.98,7196.24,4797.5,7196.24,0.0,33879.53
2003-03-31,2003,3,97589.35,29276.8,43389.76,10847.44,7231.63,10847.44,0.0,54549.88
2003-04-30,2003,4,100426.23,30127.87,47359.84,11839.96,7893.31,16055.98,0.0,47405.0
2003-05-31,2003,5,76265.02,22879.51,32225.23,8056.31,5370.87,8056.31,0.0,45435.8
2003-06-30,2003,6,95976.37,28792.91,40531.07,10132.77,6755.18,10442.45,20501.43,36406.38
2003-07-31,2003,7,92537.66,27761.3,40862.69,10215.67,6810.45,10215.67,0.0,52194.47
2003-08-31,2003,8,92547.01,27764.1,43890.23,10972.56,7315.04,15502.47,0.0,42630.81
2003-09-30,2003,9,82033.48,24610.04,36710.29,9177.57,6118.38,9177.57,0.0,45459.71
2003-10-31,2003,10,79546.95,23864.08,36050.73,9012.68,6008.45,10758.1,0.0,41581.07
2003-11-30,2003,11,109706.27,32911.88,50518.26,12629.57,8419.71,17409.36,21890.55,31750.7
2003-12-31,2003,12,93597.33,28079.2,41172.43,10293.11,6862.07,12393.18,0.0,50955.74
2004-01-31,2004,1,86114.64,25834.39,40429.87,10107.47,6738.31,10107.47,0.0,44565.91
2004-02-29,2004,2,77500.27,23250.08,35700.44,8925.11,5950.07,13152.96,0.0,37021.77
2004-03-31,2004,3,91259.01,27377.7,38665.1,9666.27,6444.18,9666.27,0.0,54194.89
2004-04-30,2004,4,95967.9,28790.37,45201.74,11300.44,7533.62,11300.44,0.0,49422.04
2004-05-31,2004,5,82412.52,24723.76,37577.69,9394.42,6262.95,9394.42,0.0,44506.79
2004-06-30,2004,6,89142.92,26742.87,41451.5,10362.87,6908.58,10362.87,0.0,46799.96
2004-07-31,2004,7,89168.79,26750.64,42683.61,10670.9,7113.93,10670.9,0.0,44780.08
2004-08-31,2004,8,80016.43,24004.93,34009.25,8502.31,5668.21,8502.31,0.0,47339.27
2004-09-30,2004,9,84776.48,25432.94,36807.84,9201.96,6134.64,9201.96,0.0,48863.03
2004-10-31,2004,10,83455.92,25036.78,38916.11,9729.03,6486.02,14029.17,0.0,39332.38
2004-11-30,2004,11,103179.15,30953.75,48839.8,12209.95,8139.97,12209.95,0.0,52733.23
2004-12-31,2004,12,118300.8,35490.24,53620.59,13405.15,8936.77,14978.53,0.0,62850.01
2005-01-31,2005,1,74940.14,22482.04,31570.2,7892.55,5261.7,7892.55,0.0,44805.19
2005-02-28,2005,2,86890.94,26067.28,37545.81,9386.45,6257.63,9386.45,0.0,50381.88
2005-03-31,2005,3,96362.15,28908.64,43443.38,10860.84,7240.56,10860.84,0.0,52865.16
2005-04-30,2005,4,105088.91,31526.67,47454.59,11863.65,7909.1,11863.65,39324.03,18200.58
2005-05-31,2005,5,91607.27,27482.18,38876.79,9719.2,6479.47,13816.28,0.0,50197.72
2005-06-30,2005,6,86124.21,25837.26,38588.86,9647.21,6431.48,9647.21,14185.13,33461.58
2005-07-31,2005,7,89714.15,26914.25,41013.75,10253.44,6835.63,10253.44,0.0,48272.14
2005-08-31,2005,8,84090.96,25227.29,36932.69,9233.17,6155.45,9233.17,0.0,47763.75
2005-09-30,2005,9,106683.4,32005.02,45570.44,11392.61,7595.07,11392.61,0.0,62737.69
2005-10-31,2005,10,103018.26,30905.48,44908.69,11227.17,7484.78,11227.17,0.0,59075.91
2005-11-30,2005,11,106138.44,31841.53,47857.85,11964.46,7976.31,14757.64,0.0,55423.71
2005-12-31,2005,12,121709.0,36512.7,52232.48,13058.12,8705.41,13058.12,0.0,71167.56
2006-01-31,2006,1,70744.33,21223.3,32905.45,8226.36,5484.24,8226.36,0.0,37125.21
2006-02-28,2006,2,68433.59,20530.08,30530.63,7632.66,5088.44,7632.66,0.0,38079.28
2006-03-31,2006,3,93687.56,28106.27,44909.6,11227.4,7484.93,11227.4,0.0,46944.48
2006-04-30,2006,4,105472.12,31641.64,50476.76,12619.19,8412.79,13407.66,0.0,52197.34
2006-05-31,2006,5,95531.1,28659.33,45375.97,11343.99,7562.66,11343.99,26792.39,21771.42
2006-06-30,2006,6,101635.21,30490.56,47789.4,11947.35,7964.9,11947.35,0.0,52476.77
2006-07-31,2006,7,102969.19,30890.76,44634.39,11158.6,7439.07,11158.6,0.0,59469.3
2006-08-31,2006,8,107922.56,32376.77,50506.53,12626.63,8417.75,12626.63,0.0,56121.79
2006-09-30,2006,9,97636.56,29290.97,45891.86,11472.97,7648.64,11472.97,0.0,50441.08
2006-10-31,2006,10,111667.92,33500.37,49319.67,12329.92,8219.94,12329.92,0.0,62968.84
2006-11-30,2006,11,113489.1,34046.73,54429.69,13607.42,9071.61,15001.25,0.0,55425.85
2006-12-31,2006,12,114721.97,34416.59,50044.41,12511.1,8340.73,12511.1,0.0,65731.21
2007-01-31,2007,1,94766.5,28429.95,42156.96,10539.24,7026.16,10539.24,0.0,52934.84
2007-02-28,2007,2,96178.97,28853.69,41730.82,10432.71,6955.14,10432.71,0.0,55481.3
2007-03-31,2007,3,97480.12,29244.04,43623.93,10905.98,7270.66,10905.98,35228.8,18788.8
2007-04-30,2007,4,100833.45,30250.04,45621.78,11405.44,7603.63,12155.43,0.0,54297.2
2007-05-31,2007,5,102861.52,30858.46,43378.01,10844.5,7229.67,10844.5,0.0,61423.3
2007-06-30,2007,6,103146.87,30944.06,43353.95,10838.49,7225.66,10838.49,0.0,61834.35
2007-07-31,2007,7,111655.77,33496.73,52951.41,13237.85,8825.24,13964.95,0.0,56173.05
2007-08-31,2007,8,106867.88,32060.36,50990.53,12747.63,8498.42,12747.63,0.0,53944.02
2007-09-30,2007,9,112011.62,33603.49,49286.43,12321.61,8214.4,14425.35,0.0,61367.32
2007-10-31,2007,10,98423.23,29526.97,45384.69,11346.17,7564.11,11346.17,25337.25,26971.8
2007-11-30,2007,11,120962.34,36288.7,54818.14,13704.53,9136.36,15147.2,0.0,64444.81
2007-12-31,2007,12,129813.09,38943.93,55742.5,13935.63,9290.42,13935.63,0.0,75852.84
2008-01-31,2008,1,87843.27,26352.98,42114.25,10528.56,7019.04,10528.56,0.0,44005.84
2008-02-29,2008,2,82247.86,24674.36,37850.63,9462.66,6308.44,9462.66,0.0,43837.83
2008-03-31,2008,3,106214.09,31864.23,45689.64,11422.41,7614.94,11422.41,0.0,61928.93
2008-04-30,2008,4,108891.04,32667.31,47599.29,11899.82,7933.21,15188.63,0.0,58937.4
2008-05-31,2008,5,120704.14,36211.24,52472.08,13118.02,8745.35,13118.02,0.0,69461.92
2008-06-30,2008,6,109479.91,32843.97,51180.56,12795.14,8530.09,12795.14,0.0,57022.94
2008-07-31,2008,7,111504.57,33451.37,52106.39,13026.6,8684.4,13026.6,0.0,58111.96
2008-08-31,2008,8,102863.41,30859.02,49159.21,12289.8,8193.2,12289.8,0.0,51790.41
2008-09-30,2008,9,97229.69,29168.91,45148.53,11287.13,7524.76,11287.13,0.0,51151.04
2008-10-31,2008,10,99797.16,29939.15,43820.03,10955.01,7303.34,10955.01,43720.02,12982.89
2008-11-30,2008,11,126384.75,37915.43,59698.29,14924.57,9949.71,19676.7,0.0,60050.91
2008-12-31,2008,12,139659.9,41897.97,64641.73,16160.43,10773.62,16160.43,0.0,73821.66
2009-01-31,2009,1,78890.96,23667.29,37330.57,9332.64,6221.76,9332.64,27759.92,12580.72
2009-02-28,2009,2,102237.08,30671.12,47751.67,11937.92,7958.61,12291.23,0.0,52968.76
2009-03-31,2009,3,104769.37,31430.81,49745.78,12436.45,8290.96,12436.45,0.0,53290.54
2009-04-30,2009,4,121263.42,36379.03,52185.6,13046.4,8697.6,13046.4,0.0,70666.46
2009-05-31,2009,5,120482.58,36144.78,56319.72,14079.93,9386.62,14079.93,0.0,62761.17
2009-06-30,2009,6,104355.54,31306.66,48128.9,12032.23,8021.48,12032.23,0.0,55447.36
2009-07-31,2009,7,100579.22,30173.77,43357.41,10839.35,7226.23,12026.49,0.0,57303.5
2009-08-31,2009,8,105293.5,31588.05,48485.58,12121.39,8080.93,12121.39,0.0,56072.26
2009-09-30,2009,9,119108.76,35732.63,51275.64,12818.91,8545.94,13282.72,0.0,68918.17
2009-10-31,2009,10,121843.6,36553.08,51719.21,12929.8,8619.87,12929.8,0.0,72197.98
2009-11-30,2009,11,142740.38,42822.11,65913.67,16478.42,10985.61,16478.42,0.0,75706.38
2009-12-31,2009,12,135145.49,40543.65,59550.54,14887.63,9925.09,14887.63,0.0,76438.24
2010-01-31,2010,1,92208.69,27662.61,39031.64,9757.91,6505.27,12714.96,0.0,51861.52
2010-02-28,2010,2,99743.9,29923.17,42153.23,10538.31,7025.54,13547.89,0.0,56402.09
2010-03-31,2010,3,111411.48,33423.44,50882.55,12720.64,8480.42,14509.79,0.0,58241.53
2010-04-30,2010,4,118320.14,35496.04,51489.43,12872.36,8581.57,12872.36,0.0,68000.47
2010-05-31,2010,5,109429.58,32828.88,52493.58,13123.4,8748.93,13123.4,0.0,54769.16
2010-06-30,2010,6,122923.52,36877.06,55443.15,13860.79,9240.52,13860.79,0.0,67395.33
2010-07-31,2010,7,112542.77,33762.83,52572.61,13143.15,8762.1,17616.89,0.0,54210.85
2010-08-31,2010,8,124020.6,37206.18,56960.14,14240.04,9493.36,14240.04,0.0,66293.21
2010-09-30,2010,9,114849.82,34454.95,53849.23,13462.31,8974.87,13462.31,0.0,59556.06
2010-10-31,2010,10,123701.98,37110.59,53731.1,13432.78,8955.18,13432.78,0.0,71260.73
2010-11-30,2010,11,130618.4,39185.52,57026.2,14256.55,9504.37,14256.55,0.0,74760.26
2010-12-31,2010,12,139892.96,41967.89,60564.42,15141.1,10094.07,19768.24,0.0,76293.02
2011-01-31,2011,1,100687.77,30206.33,45189.69,11297.42,7531.62,11297.42,0.0,55577.95
2011-02-28,2011,2,99854.3,29956.29,44020.97,11005.24,7336.83,13779.22,0.0,53668.33
2011-03-31,2011,3,117278.13,35183.44,50716.29,12679.07,8452.71,12679.07,0.0,67934.43
2011-04-30,2011,4,121097.9,36329.37,53652.9,13413.23,8942.15,13413.23,0.0,68005.76
2011-05-31,2011,5,114612.64,34383.79,51899.6,12974.9,8649.93,12974.9,0.0,62497.1
2011-06-30,2011,6,120587.67,36176.3,57788.91,14447.23,9631.48,17842.14,0.0,57054.21
2011-07-31,2011,7,118664.21,35599.26,50173.83,12543.46,8362.31,16540.24,0.0,66643.63
2011-08-31,2011,8,120798.73,36239.62,55747.49,13936.87,9291.25,18504.03,0.0,59558.7
2011-09-30,2011,9,109844.37,32953.31,49836.02,12459.01,8306.0,12459.01,0.0,59737.65
2011-10-31,2011,10,132122.72,39636.81,59805.38,14951.35,9967.56,14951.35,0.0,72083.9
2011-11-30,2011,11,142111.05,42633.31,64662.96,16165.74,10777.16,18343.05,0.0,74795.46
2011-12-31,2011,12,139331.88,41799.57,60598.77,15149.69,10099.8,18888.84,0.0,76394.35
2012-01-31,2012,1,96291.22,28887.37,40859.09,10214.77,6809.85,10214.77,0.0,57080.09
2012-02-29,2012,2,91026.59,27307.98,42226.6,10556.65,7037.77,10556.65,0.0,47956.9
2012-03-31,2012,3,113214.95,33964.48,52949.29,13237.32,8824.88,14797.33,0.0,57370.6
2012-04-30,2012,4,130552.83,39165.85,62049.39,15512.35,10341.56,18901.53,0.0,62913.85
2012-05-31,2012,5,123762.35,37128.71,55802.16,13950.54,9300.36,14447.39,0.0,67390.6
2012-06-30,2012,6,113665.33,34099.6,54074.91,13518.73,9012.49,16167.31,0.0,54991.49
2012-07-31,2012,7,126985.4,38095.62,56577.15,14144.29,9429.53,14144.29,0.0,70785.77
2012-08-31,2012,8,119662.9,35898.87,50769.54,12692.38,8461.59,16173.78,0.0,67464.48
2012-09-30,2012,9,126496.66,37949.0,58354.39,14588.6,9725.73,19375.93,28040.19,34360.82
2012-10-31,2012,10,116057.48,34817.24,54196.85,13549.21,9032.81,17747.5,0.0,56348.35
2012-11-30,2012,11,144866.98,43460.09,62967.62,15741.9,10494.6,19407.04,0.0,79715.9
2012-12-31,2012,12,148458.82,44537.65,67837.42,16959.35,11306.24,21748.14,0.0,75145.31
2013-01-31,2013,1,100263.05,30078.91,43447.35,10861.84,7241.22,10861.84,0.0,57929.72
2013-02-28,2013,2,100308.88,30092.66,45982.52,11495.63,7663.75,11495.63,0.0,53764.02
2013-03-31,2013,3,117160.96,35148.29,55880.95,13970.24,9313.49,13970.24,0.0,59174.33
2013-04-30,2013,4,131381.2,39414.36,56694.62,14173.66,9449.1,14173.66,0.0,76304.53
2013-05-31,2013,5,128315.78,38494.73,54332.51,13583.13,9055.42,13583.13,0.0,76256.34
2013-06-30,2013,6,122926.06,36877.82,58880.27,14720.07,9813.38,14720.07,0.0,61670.1
2013-07-31,2013,7,135708.38,40712.51,60642.14,15160.53,10107.02,16346.59,0.0,74164.61
2013-08-31,2013,8,138007.02,41402.1,65135.32,16283.83,10855.89,16283.83,0.0,70850.26
2013-09-30,2013,9,137262.83,41178.85,60341.63,15085.41,10056.94,15085.41,0.0,77872.29
2013-10-31,2013,10,121716.9,36515.07,53921.94,13480.48,8986.99,16959.65,0.0,64882.91
2013-11-30,2013,11,156001.41,46800.42,66722.31,16680.58,11120.39,18276.59,0.0,90001.97
2013-12-31,2013,12,162730.2,48819.06,69234.12,17308.53,11539.02,17308.53,0.0,96159.05
2014-01-31,2014,1,95526.15,28657.85,45744.66,11436.16,7624.11,11436.16,0.0,47942.9
2014-02-28,2014,2,102305.19,30691.56,48086.09,12021.52,8014.35,15856.77,0.0,49018.02
2014-03-31,2014,3,120919.38,36275.81,54766.36,13691.59,9127.73,15317.85,0.0,64291.67
2014-04-30,2014,4,122304.88,36691.46,57495.91,14373.98,9582.65,14373.98,0.0,63169.82
2014-05-31,2014,5,137997.4,41399.22,58351.22,14587.8,9725.2,17065.98,0.0,79666.41
2014-06-30,2014,6,124952.74,37485.82,55918.35,13979.59,9319.73,14312.28,49352.04,19556.58
2014-07-31,2014,7,137139.8,41141.94,63657.98,15914.5,10609.66,15914.5,0.0,72185.1
2014-08-31,2014,8,130238.0,39071.4,61363.12,15340.78,10227.19,15340.78,0.0,67037.54
2014-09-30,2014,9,133078.0,39923.4,57346.68,14336.67,9557.78,14657.97,0.0,77102.31
2014-10-31,2014,10,143716.16,43114.85,66244.39,16561.1,11040.73,16561.1,0.0,76423.7
2014-11-30,2014,11,151287.83,45386.35,67378.61,16844.65,11229.77,18228.36,0.0,82992.79
2014-12-31,2014,12,152620.66,45786.2,66068.51,16517.13,11011.42,16517.13,0.0,88292.67
2015-01-31,2015,1,105413.5,31624.05,45129.24,11282.31,7521.54,11282.31,0.0,61822.16
2015-02-28,2015,2,116579.42,34973.83,51701.84,12925.46,8616.97,12925.46,12941.48,52442.03
2015-03-31,2015,3,132523.87,39757.16,57786.43,14446.61,9631.07,17302.11,0.0,73114.82
2015-04-30,2015,4,137542.59,41262.78,65179.62,16294.91,10863.27,16294.91,0.0,70172.66
2015-05-31,2015,5,131403.49,39421.05,55554.71,13888.68,9259.12,14289.72,0.0,77832.31
2015-06-30,2015,6,131233.82,39370.15,58267.49,14566.87,9711.25,14566.87,49150.39,24341.1
2015-07-31,2015,7,137126.89,41138.07,58533.14,14633.28,9755.52,17410.29,23530.32,54402.4
2015-08-31,2015,8,125242.29,37572.69,58796.55,14699.14,9799.42,14699.14,0.0,64820.73
2015-09-30,2015,9,138452.06,41535.62,58728.53,14682.13,9788.09,14682.13,0.0,82106.8
2015-10-31,2015,10,147563.6,44269.08,70332.1,17583.02,11722.02,17583.02,0.0,74612.52
2015-11-30,2015,11,170464.05,51139.21,71642.29,17910.57,11940.38,19133.35,0.0,100976.66
2015-12-31,2015,12,162896.6,48868.98,77985.76,19496.44,12997.63,21372.84,0.0,79912.92
2016-01-31,2016,1,110727.1,33218.13,46850.72,11712.68,7808.45,13561.0,0.0,64012.37
2016-02-29,2016,2,109169.88,32750.96,48866.21,12216.55,8144.37,15754.67,0.0,56939.03
2016-03-31,2016,3,149784.16,44935.25,66159.46,16539.87,11026.58,16539.87,0.0,84453.63
2016-04-30,2016,4,128745.8,38623.74,60917.03,15229.26,10152.84,15229.26,0.0,65841.15
2016-05-31,2016,5,149594.78,44878.43,65041.14,16260.28,10840.19,16260.28,0.0,86071.32
2016-06-30,2016,6,128010.43,38403.13,57626.12,14406.53,9604.35,14406.53,0.0,70370.03
2016-07-31,2016,7,134799.52,40439.86,63191.06,15797.76,10531.84,15797.76,0.0,69920.95
2016-08-31,2016,8,150587.12,45176.14,64292.07,16073.02,10715.34,20510.34,0.0,84172.49
2016-09-30,2016,9,135226.96,40568.09,60144.05,15036.01,10024.01,15036.01,0.0,75554.96
2016-10-31,2016,10,146027.1,43808.13,66420.71,16605.18,11070.12,16605.18,0.0,79134.05
2016-11-30,2016,11,155701.73,46710.52,71045.9,17761.47,11840.98,17761.47,0.0,84002.42
2016-12-31,2016,12,165139.44,49541.83,73652.86,18413.21,12275.48,18413.21,27418.94,64507.57
2017-01-31,2017,1,123052.7,36915.81,53424.41,13356.1,8904.07,14943.27,0.0,69340.66
2017-02-28,2017,2,107864.37,32359.31,50840.03,12710.01,8473.34,15893.69,0.0,52306.62
2017-03-31,2017,3,148898.27,44669.48,64883.61,16220.9,10813.93,16220.9,0.0,85428.41
2017-04-30,2017,4,142456.89,42737.07,59923.34,14980.83,9987.22,19799.03,0.0,80503.54
2017-05-31,2017,5,147490.44,44247.13,67077.27,16769.32,11179.54,16769.32,0.0,79942.13
2017-06-30,2017,6,153361.81,46008.54,64614.04,16153.51,10769.01,19624.16,0.0,88209.63
2017-07-31,2017,7,151723.15,45516.94,71953.65,17988.41,11992.27,17988.41,0.0,77317.35
2017-08-31,2017,8,135814.36,40744.31,64381.62,16095.41,10730.27,16095.41,0.0,69255.97
2017-09-30,2017,9,142016.49,42604.95,67094.02,16773.51,11182.34,16773.51,0.0,72798.07
2017-10-31,2017,10,143613.85,43084.16,63132.21,15783.05,10522.04,15783.05,0.0,81477.65
2017-11-30,2017,11,184354.98,55306.49,81824.17,20456.04,13637.36,20456.04,0.0,103287.86
2017-12-31,2017,12,161526.76,48458.03,76894.0,19223.5,12815.67,19223.5,0.0,81828.12
2018-01-31,2018,1,124581.05,37374.32,53468.0,13367.0,8911.33,13367.0,36432.83,36409.2
2018-02-28,2018,2,109546.26,32863.88,52534.71,13133.68,8755.79,13133.68,0.0,54852.28
2018-03-31,2018,3,137463.25,41238.97,64365.29,16091.32,10727.55,16316.33,0.0,71201.73
2018-04-30,2018,4,137763.53,41329.06,59749.16,14937.29,9958.19,14937.29,13631.86,65878.8
2018-05-31,2018,5,146393.87,43918.16,68208.46,17052.12,11368.08,17681.11,0.0,76002.26
2018-06-30,2018,6,160847.32,48254.19,73966.88,18491.72,12327.81,18491.72,0.0,85823.37
2018-07-31,2018,7,151563.48,45469.04,64143.65,16035.91,10690.61,19216.05,0.0,86946.29
2018-08-31,2018,8,149556.55,44866.96,65429.8,16357.45,10904.97,16357.45,0.0,85373.85
2018-09-30,2018,9,144004.03,43201.21,63458.16,15864.54,10576.36,15864.54,0.0,81441.63
2018-10-31,2018,10,154637.71,46391.31,67986.32,16996.58,11331.05,16996.58,0.0,87718.49
2018-11-30,2018,11,174813.03,52443.91,83482.94,20870.74,13913.82,20870.74,0.0,88118.7
2018-12-31,2018,12,172185.54,51655.66,73546.66,18386.66,12257.78,20810.88,30323.06,68516.17
2019-01-31,2019,1,115925.52,34777.65,53003.93,13250.98,8833.99,13250.98,0.0,62363.28
2019-02-28,2019,2,122351.32,36705.4,53256.98,13314.25,8876.16,13314.25,0.0,70295.08
2019-03-31,2019,3,147790.66,44337.2,66393.54,16598.38,11065.59,20192.52,26208.03,51669.8
2019-04-30,2019,4,150559.3,45167.79,71524.11,17881.03,11920.68,17881.03,0.0,76520.24
2019-05-31,2019,5,150738.28,45221.49,65314.8,16328.7,10885.8,16328.7,0.0,87101.77
2019-06-30,2019,6,141325.98,42397.8,66083.38,16520.84,11013.9,16520.84,0.0,73584.81
2019-07-31,2019,7,145087.44,43526.23,65525.84,16381.46,10920.97,16381.46,0.0,79403.93
2019-08-31,2019,8,140565.08,42169.52,62135.59,15533.9,10355.93,18654.04,0.0,76055.14
2019-09-30,2019,9,140796.38,42238.91,60265.73,15066.43,10044.29,15066.43,0.0,82592.42
2019-10-31,2019,10,160104.09,48031.23,70282.34,17570.58,11713.72,17570.58,0.0,90998.09
2019-11-30,2019,11,172635.09,51790.53,80131.17,20032.79,13355.19,20032.79,0.0,90873.67
2019-12-31,2019,12,170927.71,51278.31,72691.37,18172.84,12115.23,18172.84,0.0,101053.74
2020-01-31,2020,1,113777.32,34133.2,51259.4,12814.85,8543.23,12814.85,0.0,62478.19
2020-02-29,2020,2,129312.48,38793.74,59028.01,14757.0,9838.0,14757.0,0.0,69726.21
2020-03-31,2020,3,167941.95,50382.58,75599.75,18899.94,12599.96,22730.01,0.0,88494.87
2020-04-30,2020,4,167297.66,50189.3,78253.21,19563.3,13042.2,19563.3,0.0,87064.94
2020-05-31,2020,5,145962.04,43788.61,66371.53,16592.88,11061.92,16592.88,46920.26,32211.17
2020-06-30,2020,6,167374.79,50212.44,73513.54,18378.38,12252.26,18378.38,0.0,95064.66
2020-07-31,2020,7,152994.01,45898.2,67288.64,16822.16,11214.77,18470.52,0.0,85096.11
2020-08-31,2020,8,158040.8,47412.24,72473.23,18118.31,12078.87,22218.93,0.0,80563.69
2020-09-30,2020,9,152926.6,45877.98,69607.62,17401.91,11601.27,17401.91,0.0,82791.87
2020-10-31,2020,10,146240.96,43872.29,61968.78,15492.2,10328.13,16634.38,0.0,85689.76
2020-11-30,2020,11,177650.83,53295.25,78650.7,19662.67,13108.45,19662.67,0.0,99861.58
2020-12-31,2020,12,185657.63,55697.29,84040.44,21010.11,14006.74,25366.58,0.0,96931.05
2021-01-31,2021,1,125289.26,37586.78,59585.4,14896.35,9930.9,14896.35,13509.38,50057.65
2021-02-28,2021,2,127547.95,38264.39,59701.11,14925.28,9950.18,14925.28,0.0,66310.49
2021-03-31,2021,3,169910.61,50973.18,76368.59,19092.15,12728.1,19092.15,0.0,93602.8
2021-04-30,2021,4,169442.78,50832.83,71349.1,17837.27,11891.52,17837.27,0.0,101360.45
2021-05-31,2021,5,172598.19,51779.46,78204.36,19551.09,13034.06,19551.09,0.0,94037.05
2021-06-30,2021,6,161819.72,48545.92,69579.77,17394.94,11596.63,17394.94,0.0,94399.36
2021-07-31,2021,7,165529.53,49658.86,77278.53,19319.63,12879.75,19319.63,0.0,86390.84
2021-08-31,2021,8,155543.9,46663.17,71968.25,17992.06,11994.71,17992.06,0.0,82259.99
2021-09-30,2021,9,171469.34,51440.8,72490.33,18122.58,12081.72,18122.58,0.0,102092.93
2021-10-31,2021,10,156392.38,46917.71,68556.5,17139.13,11426.08,17510.34,0.0,88678.04
2021-11-30,2021,11,191770.67,57531.2,89416.06,22354.01,14902.68,22354.01,0.0,100275.11
2021-12-31,2021,12,196844.79,59053.44,83438.13,20859.53,13906.36,20859.53,0.0,116834.68
2022-01-31,2022,1,125901.11,37770.33,53604.11,13401.03,8934.02,13401.03,0.0,74331.26
2022-02-28,2022,2,138502.29,41550.69,63492.56,15873.14,10582.09,15873.14,0.0,74232.05
2022-03-31,2022,3,170343.81,51103.14,72576.5,18144.12,12096.08,18144.12,0.0,100486.12
2022-04-30,2022,4,169821.39,50946.42,75088.7,18772.17,12514.78,19741.43,0.0,94650.72
2022-05-31,2022,5,175500.75,52650.22,77884.85,19471.21,12980.81,19471.21,0.0,98342.88
2022-06-30,2022,6,158219.54,47465.86,67430.24,16857.56,11238.37,16857.56,0.0,93301.66
2022-07-31,2022,7,168527.36,50558.21,75552.37,18888.09,12592.06,18888.09,37474.81,55690.13
2022-08-31,2022,8,167087.84,50126.35,74136.87,18534.22,12356.15,18534.22,0.0,93652.73
2022-09-30,2022,9,158627.43,47588.23,73981.06,18495.27,12330.18,18495.27,0.0,82913.88
2022-10-31,2022,10,170628.09,51188.43,77202.91,19300.73,12867.15,22187.87,0.0,90257.86
2022-11-30,2022,11,189224.2,56767.26,86888.94,21722.23,14481.49,21722.23,0.0,101176.56
2022-12-31,2022,12,189643.74,56893.12,90566.03,22641.51,15094.34,22641.51,0.0,95593.49
2023-01-31,2023,1,124370.52,37311.16,56059.64,14014.91,9343.27,15790.16,0.0,66473.69
2023-02-28,2023,2,136382.09,40914.63,61654.37,15413.59,10275.73,20135.63,0.0,69817.4
2023-03-31,2023,3,171407.68,51422.3,78377.59,19594.4,13062.93,19594.4,0.0,92200.67
2023-04-30,2023,4,168954.22,50686.26,76449.75,19112.44,12741.63,19112.44,0.0,92224.23
2023-05-31,2023,5,172280.63,51684.19,79589.56,19897.39,13264.93,19897.39,0.0,91315.55
2023-06-30,2023,6,171644.83,51493.45,74946.2,18736.55,12491.03,22073.14,0.0,94891.35
2023-07-31,2023,7,171878.28,51563.49,75804.33,18951.08,12634.05,18951.08,0.0,97101.22
2023-08-31,2023,8,175953.35,52786.0,75439.68,18859.92,12573.28,18859.92,0.0,103006.56
2023-09-30,2023,9,172368.8,51710.64,79527.57,19881.89,13254.6,19881.89,0.0,91533.49
2023-10-31,2023,10,176063.52,52819.06,77622.8,19405.7,12937.13,19405.7,47070.54,52440.7
2023-11-30,2023,11,192287.96,57686.39,84677.09,21169.27,14112.85,24595.3,0.0,105419.85
2023-12-31,2023,12,189554.97,56866.49,80617.56,20154.39,13436.26,20154.39,0.0,112058.86
2024-01-31,2024,1,133061.74,39918.52,58973.93,14743.48,9828.99,14743.48,0.0,74690.37
2024-02-29,2024,2,147954.21,44386.26,65950.18,16487.55,10991.7,16487.55,0.0,82423.51
2024-03-31,2024,3,178546.2,53563.86,81293.11,20323.28,13548.85,20323.28,0.0,96621.54
2024-04-30,2024,4,177298.05,53189.42,74802.77,18700.69,12467.13,23208.89,0.0,101307.99
2024-05-31,2024,5,172593.95,51778.19,72958.23,18239.56,12159.71,18239.56,0.0,102775.08
2024-06-30,2024,6,178373.07,53511.92,79478.83,19869.71,13246.47,19869.71,0.0,99420.28
2024-07-31,2024,7,183145.43,54943.63,84996.85,21249.21,14166.14,21249.21,0.0,96427.64
2024-08-31,2024,8,183621.92,55086.58,78772.56,19693.14,13128.76,19693.14,0.0,107420.9
2024-09-30,2024,9,171295.87,51388.76,80857.78,20214.44,13476.3,20214.44,0.0,87921.67
2024-10-31,2024,10,171205.58,51361.68,77778.11,19444.53,12963.02,19444.53,0.0,92937.08
2024-11-30,2024,11,202989.84,60896.95,88656.73,22164.18,14776.12,22164.18,0.0,116125.57
2024-12-31,2024,12,209906.73,62972.02,96341.47,24085.37,16056.91,24085.37,0.0,112309.63
